<?xml version="1.0" encoding="UTF-8"?>
<project-private xmlns="http://www.netbeans.org/ns/project-private/1">
    <editor-bookmarks xmlns="http://www.netbeans.org/ns/editor-bookmarks/2" lastBookmarkId="0"/>
    <open-files xmlns="http://www.netbeans.org/ns/projectui-open-files/2">
        <group>
            <file>file:/C:/Users/91860/Documents/NetBeansProjects/E-VOTING%20Project/src/Registration.java</file>
            <file>file:/C:/Users/91860/Documents/NetBeansProjects/E-VOTING%20Project/src/Log_in.java</file>
            <file>file:/C:/Users/91860/Documents/NetBeansProjects/E-VOTING%20Project/src/Update_Details.java</file>
            <file>file:/C:/Users/91860/Documents/NetBeansProjects/E-VOTING%20Project/src/First.java</file>
            <file>file:/C:/Users/91860/Documents/NetBeansProjects/E-VOTING%20Project/src/Forgot_Password.java</file>
        </group>
    </open-files>
</project-private>
